{
  "MAE": 74046.3193250004,
  "MSE": 8114787675.653481,
  "RMSE": 90082.11629204478,
  "R2_score": -12.964789473535177
}