{
  "MAE": 76455.76042500042,
  "MSE": 8473173796.844469,
  "RMSE": 92049.84408919154,
  "R2_score": -13.581538417895695
}