{
  "MAE": 27210.25492600794,
  "MSE": 1458581724.5565186,
  "RMSE": 38191.38285734779,
  "R2_score": -0.6793496004074688
}