{
  "dataset": "date_smedebtsu",
  "model": "LSTM",
  "num_test_samples": 20,
  "mean_ground_truth": "623378.4369999999",
  "mean_predictions": "392833.78",
  "MAE": 230544.662,
  "MSE": 56464208909.47362,
  "RMSE": 237621.98742850716,
  "R2_score": -11.088099860153807,
  "test": [
    740047.0,
    752180.0,
    687093.0,
    688523.0,
    682924.0,
    660605.0,
    630267.0,
    625141.0,
    580404.0,
    572913.0,
    545061.0,
    612754.9999999999,
    671583.0,
    647661.85,
    630908.85,
    612766.0,
    565378.0,
    544192.0,
    519097.04,
    498069.0
  ],
  "prediction": [
    413128.09375,
    396830.03125,
    413824.5,
    398199.4375,
    418292.5625,
    420833.875,
    422036.25,
    378212.8125,
    368830.09375,
    363870.78125,
    365387.46875,
    377997.96875,
    385497.71875,
    397836.21875,
    414052.625,
    419910.375,
    371323.4375,
    374545.1875,
    373370.96875,
    382695.09375
  ],
  "train": [
    228007.01,
    227988.31,
    265199.0,
    299453.0,
    290103.0,
    304337.0,
    293623.0,
    307582.0,
    287573.0,
    312521.0,
    284295.0,
    271678.0,
    297264.00000000006,
    287331.0,
    314666.0,
    295383.0,
    286473.88,
    296560.0,
    333696.0,
    389581.06,
    321167.0,
    327932.0,
    388439.59,
    386529.0,
    391061.0,
    421476.0,
    413633.0,
    401597.68,
    403755.0,
    405647.0,
    396616.0,
    406021.0,
    404459.0,
    411257.0,
    408584.0,
    389196.5,
    420706.0,
    426426.0,
    450791.0,
    450439.0,
    449273.0,
    489225.0,
    506917.9499999999,
    485705.0,
    497365.0,
    456302.0,
    444785.0,
    428956.0,
    388344.0,
    376211.0,
    373450.0
  ],
  "val": [
    356278.99999999994,
    592977.0,
    584674.09,
    591573.18,
    628258.18,
    615377.18,
    621990.27,
    586053.27,
    591333.27,
    592730.27,
    568860.27,
    771441.0,
    731511.0
  ]
}