{
  "dataset": "date_smedebtsu",
  "model": "LSTM",
  "num_test_samples": 20,
  "mean_ground_truth": "623378.4369999999",
  "mean_predictions": "383903.0",
  "MAE": 239475.446375,
  "MSE": 60680140636.64573,
  "RMSE": 246333.39326336925,
  "R2_score": -11.990664594627516,
  "test": [
    740047.0,
    752180.0,
    687093.0,
    688523.0,
    682924.0,
    660605.0,
    630267.0,
    625141.0,
    580404.0,
    572913.0,
    545061.0,
    612754.9999999999,
    671583.0,
    647661.85,
    630908.85,
    612766.0,
    565378.0,
    544192.0,
    519097.04,
    498069.0
  ],
  "prediction": [
    404094.53125,
    387026.28125,
    404177.65625,
    388219.96875,
    409523.90625,
    412068.6875,
    413206.78125,
    370590.9375,
    361611.34375,
    354752.8125,
    356500.03125,
    368102.96875,
    375964.59375,
    388471.9375,
    405803.3125,
    412617.28125,
    363197.53125,
    366090.875,
    363354.625,
    372683.75
  ],
  "train": [
    228007.01,
    227988.31,
    265199.0,
    299453.0,
    290103.0,
    304337.0,
    293623.0,
    307582.0,
    287573.0,
    312521.0,
    284295.0,
    271678.0,
    297264.00000000006,
    287331.0,
    314666.0,
    295383.0,
    286473.88,
    296560.0,
    333696.0,
    389581.06,
    321167.0,
    327932.0,
    388439.59,
    386529.0,
    391061.0,
    421476.0,
    413633.0,
    401597.68,
    403755.0,
    405647.0,
    396616.0,
    406021.0,
    404459.0,
    411257.0,
    408584.0,
    389196.5,
    420706.0,
    426426.0,
    450791.0,
    450439.0,
    449273.0,
    489225.0,
    506917.9499999999,
    485705.0,
    497365.0,
    456302.0,
    444785.0,
    428956.0,
    388344.0,
    376211.0,
    373450.0
  ],
  "val": [
    356278.99999999994,
    592977.0,
    584674.09,
    591573.18,
    628258.18,
    615377.18,
    621990.27,
    586053.27,
    591333.27,
    592730.27,
    568860.27,
    771441.0,
    731511.0
  ]
}