{
  "MAE": 13842.213051383616,
  "MSE": 307922089.91603297,
  "RMSE": 17547.708964877238,
  "R2_score": 0.44103966988398013
}