{
  "MAE": 63276.3661750005,
  "MSE": 6312443307.481377,
  "RMSE": 79450.8861340223,
  "R2_score": -9.863123642419229
}