{
  "MAE": 69484.89707500051,
  "MSE": 7245872875.728001,
  "RMSE": 85122.69307140136,
  "R2_score": -11.469468494552064
}