{
  "MAE": 62677.98075000057,
  "MSE": 6475619020.694435,
  "RMSE": 80471.23101266958,
  "R2_score": -10.143933760107343
}