{
  "MAE": 19714.311924999638,
  "MSE": 946960577.8614743,
  "RMSE": 30772.72457650564,
  "R2_score": -1.016527610646369
}