{
  "MAE": 16298.484125000017,
  "MSE": 721748838.4432967,
  "RMSE": 26865.383645935464,
  "R2_score": -0.5369451429114924
}