{
  "MAE": 56333.780496418476,
  "MSE": 4345193574.531071,
  "RMSE": 65918.08230319714,
  "R2_score": -6.887679755291999
}