{
  "MAE": 192963.43292529724,
  "MSE": 39552048135.12561,
  "RMSE": 198876.96733187986,
  "R2_score": -44.53856332679314
}