{
  "MAE": 87994.14662500024,
  "MSE": 10090553692.106329,
  "RMSE": 100451.74807889771,
  "R2_score": -14.643447784484813
}