{
  "MAE": 18892.5,
  "MSE": 471770123.63006794,
  "RMSE": 21720.269879310155,
  "R2_score": -0.004622053355687772
}