{
  "MAE": 39370.8125,
  "MSE": 1928774785.2167969,
  "RMSE": 43917.81853891193,
  "R2_score": -2.501238222169201
}