{
  "MAE": 79590.29498465732,
  "MSE": 9207061052.509758,
  "RMSE": 95953.43168698948,
  "R2_score": -9.6006225356763
}