{
  "MAE": 77121.5563250005,
  "MSE": 8828803072.099606,
  "RMSE": 93961.71067035553,
  "R2_score": -14.193543088635764
}