{
  "MAE": 75049.34195000044,
  "MSE": 8101976543.861791,
  "RMSE": 90010.98012943639,
  "R2_score": -12.94274271574687
}