{
  "MAE": 156934.92612591176,
  "MSE": 25395147979.82206,
  "RMSE": 159358.5516369362,
  "R2_score": -38.37025494571098
}