{
  "MAE": 13635.283042684983,
  "MSE": 230665711.82399392,
  "RMSE": 15187.68289845406,
  "R2_score": 0.603045916524759
}