{
  "MAE": 78193.63942500013,
  "MSE": 8375807346.630909,
  "RMSE": 91519.43698816613,
  "R2_score": -11.985065921845772
}