{
  "MAE": 70968.78745000024,
  "MSE": 6954833885.11857,
  "RMSE": 83395.6466796593,
  "R2_score": -9.782121977778933
}