{
  "MAE": 28183.778147850244,
  "MSE": 1330807755.2936473,
  "RMSE": 36480.23787331502,
  "R2_score": -0.5322360306900633
}