{
  "MAE": 155923.8723810129,
  "MSE": 25164727212.180077,
  "RMSE": 158633.9409211663,
  "R2_score": -42.306138339440515
}