{
  "MAE": 49516.078150000234,
  "MSE": 4236234171.310228,
  "RMSE": 65086.35933365937,
  "R2_score": -5.567460030819044
}