{
  "MAE": 52839.76417500038,
  "MSE": 4574045681.15018,
  "RMSE": 67631.69139649089,
  "R2_score": -6.091171303403944
}