{
  "MAE": 55603.471275000324,
  "MSE": 4549163036.169172,
  "RMSE": 67447.48354215428,
  "R2_score": -6.052595585026391
}