{
  "MAE": 87566.9209250002,
  "MSE": 10604767449.151062,
  "RMSE": 102979.45158696012,
  "R2_score": -15.440636551706358
}