{
  "MAE": 89417.55982500021,
  "MSE": 11421467110.900784,
  "RMSE": 106871.26419623183,
  "R2_score": -16.70677108743383
}