{
  "MAE": 70723.97344086696,
  "MSE": 5829724719.891911,
  "RMSE": 76352.63400755674,
  "R2_score": -8.03785828174041
}