{
  "MAE": 17911.90625,
  "MSE": 518469881.8350782,
  "RMSE": 22769.933724872328,
  "R2_score": -0.10406795853114925
}