{
  "MAE": 103522.609375,
  "MSE": 15051568305.56543,
  "RMSE": 122684.83323363744,
  "R2_score": -24.90233916586476
}