{
  "MAE": 178197.50022875017,
  "MSE": 32622888743.962917,
  "RMSE": 180618.07424497395,
  "R2_score": -36.560620878455666
}