{
  "MAE": 71982.98103401366,
  "MSE": 5897445061.064415,
  "RMSE": 76794.82444191416,
  "R2_score": -8.142845545413394
}