{
  "MAE": 31042.751370256417,
  "MSE": 1658819311.0638833,
  "RMSE": 40728.60556247763,
  "R2_score": -2.532412034921097
}