{
  "MAE": 24130.17499999999,
  "MSE": 1238520775.0784373,
  "RMSE": 35192.62387317032,
  "R2_score": -1.6373973718578152
}