{
  "MAE": 75704.7265625,
  "MSE": 6168410690.386963,
  "RMSE": 78539.23026352476,
  "R2_score": -10.197302787630752
}