{
  "MAE": 37832.76874999999,
  "MSE": 1727795568.8546088,
  "RMSE": 41566.76038440582,
  "R2_score": -2.679295159272665
}