{
  "MAE": 97100.4650696959,
  "MSE": 10327691727.490606,
  "RMSE": 101625.25142645703,
  "R2_score": -17.747501937612885
}