{
  "MAE": 170931.57862008025,
  "MSE": 30086144225.740177,
  "RMSE": 173453.57945496592,
  "R2_score": -33.63992002138955
}