{
  "MAE": 40915.223686726415,
  "MSE": 2224939149.0223584,
  "RMSE": 47169.26063679988,
  "R2_score": -3.038855158344517
}