{
  "MAE": 28586.49435677506,
  "MSE": 884292046.5227921,
  "RMSE": 29737.048382830333,
  "R2_score": -0.370923427803187
}