{
  "MAE": 74230.57345000037,
  "MSE": 8379095722.605724,
  "RMSE": 91537.40067647609,
  "R2_score": -13.419638864471596
}