{
  "MAE": 40083.199199999915,
  "MSE": 1951503059.0417604,
  "RMSE": 44175.81984572284,
  "R2_score": -2.5424960723079595
}