{
  "MAE": 37677.50167499992,
  "MSE": 1680200374.0525336,
  "RMSE": 40990.24730411533,
  "R2_score": -2.0500096826361647
}