{
  "MAE": 71725.193125,
  "MSE": 6770548542.324112,
  "RMSE": 82283.34304295196,
  "R2_score": -9.496423271303964
}