{
  "MAE": 70273.33446938993,
  "MSE": 6241555043.878923,
  "RMSE": 79003.51285784021,
  "R2_score": -12.291227083364536
}