{
  "MAE": 62311.559580342146,
  "MSE": 4463819609.522029,
  "RMSE": 66811.8223783937,
  "R2_score": -6.681815419747655
}