{
  "MAE": 58489.04324999981,
  "MSE": 4077916564.9609528,
  "RMSE": 63858.56688777907,
  "R2_score": -6.402501035108349
}