{
  "MAE": 56801.720799999835,
  "MSE": 4578937860.100089,
  "RMSE": 67667.84953063079,
  "R2_score": -7.311987680261005
}