{
  "MAE": 53574.48689999987,
  "MSE": 3666458362.0345793,
  "RMSE": 60551.287038630144,
  "R2_score": -5.655595176553721
}