{
  "MAE": 18927.8201500343,
  "MSE": 486719514.63138056,
  "RMSE": 22061.72057277901,
  "R2_score": 0.11647488283009366
}