{
  "MAE": 25647.19354999991,
  "MSE": 1362202351.6145406,
  "RMSE": 36908.0255718799,
  "R2_score": -1.9007740317147248
}