{
  "MAE": 22772.15654999984,
  "MSE": 1115825881.243299,
  "RMSE": 33403.98002099898,
  "R2_score": -1.3761218268265467
}