{
  "MAE": 79435.75,
  "MSE": 10473906705.732422,
  "RMSE": 102342.10622091194,
  "R2_score": -17.024612344428704
}