{
  "MAE": 63004.73767499946,
  "MSE": 4630094715.304573,
  "RMSE": 68044.7993259189,
  "R2_score": -4.330896156922315
}