{
  "MAE": 40227.74194999985,
  "MSE": 1921509822.351823,
  "RMSE": 43835.02962645084,
  "R2_score": -2.488050386108483
}