{
  "dataset": "lag_4_smedebtsu",
  "model": "LSTM",
  "num_test_samples": 20,
  "mean_ground_truth": "623378.4369999999",
  "mean_predictions": "436524.06",
  "MAE": 186854.4198125,
  "MSE": 38366400444.37456,
  "RMSE": 195873.42965388275,
  "R2_score": -7.213643453143929,
  "test": [
    740047.0,
    752180.0,
    687093.0,
    688523.0,
    682924.0,
    660605.0,
    630267.0,
    625141.0,
    580404.0,
    572913.0,
    545061.0,
    612755.0,
    671583.0,
    647661.85,
    630908.85,
    612766.0,
    565378.0,
    544192.0,
    519097.04000000004,
    498069.0
  ],
  "prediction": [
    447363.0625,
    455516.875,
    461614.375,
    456148.5,
    452377.3125,
    448833.84375,
    444487.0625,
    440061.34375,
    436023.5,
    429581.09375,
    424493.84375,
    419112.5,
    420841.8125,
    428821.40625,
    433868.96875,
    436102.28125,
    433969.78125,
    427071.4375,
    420425.4375,
    413765.90625
  ],
  "train": [
    290103.0,
    304337.0,
    293623.0,
    307582.0,
    287573.0,
    312521.0,
    284295.0,
    271678.0,
    297264.0,
    287331.0,
    314666.0,
    295383.0,
    286473.88,
    296560.0,
    333696.0,
    389581.06,
    321167.0,
    327932.0,
    388439.59,
    386529.0,
    391061.0,
    421476.0,
    413633.0,
    401597.68,
    403755.0,
    405647.0,
    396616.0,
    406021.0,
    404459.0,
    411257.0,
    408584.0,
    389196.5,
    420706.0,
    426426.0,
    450791.0,
    450439.0,
    449273.0,
    489225.0,
    506917.94999999995,
    485705.0,
    497365.0,
    456302.0,
    444785.0,
    428956.0,
    388344.0,
    376211.0,
    373450.0,
    356279.0
  ],
  "val": [
    592977.0,
    584674.09,
    591573.18,
    628258.18,
    615377.18,
    621990.27,
    586053.27,
    591333.27,
    592730.27,
    568860.27,
    771441.0,
    731511.0
  ]
}