{
  "MAE": 35669.69054328039,
  "MSE": 1438281037.742824,
  "RMSE": 37924.67584229065,
  "R2_score": -2.062781590155901
}