{
  "dataset": "lag_2_smedebtsu",
  "model": "LSTM",
  "num_test_samples": 20,
  "mean_ground_truth": "623378.4369999999",
  "mean_predictions": "411941.6",
  "MAE": 211436.787,
  "MSE": 48341981043.16233,
  "RMSE": 219868.09919395385,
  "R2_score": -9.349258505052102,
  "test": [
    740047.0,
    752180.0,
    687093.0,
    688523.0,
    682924.0,
    660605.0,
    630267.0,
    625141.0,
    580404.0,
    572913.0,
    545061.0,
    612755.0,
    671583.0,
    647661.85,
    630908.85,
    612766.0,
    565378.0,
    544192.0,
    519097.04,
    498069.0
  ],
  "prediction": [
    427644.09375,
    426265.0,
    427874.4375,
    422404.875,
    419005.40625,
    418557.15625,
    416164.40625,
    412134.28125,
    410032.875,
    405620.15625,
    402554.84375,
    399603.28125,
    404360.78125,
    413423.21875,
    414344.625,
    411499.71875,
    408919.25,
    403578.125,
    399126.21875,
    395720.25
  ],
  "train": [
    265199.0,
    299453.0,
    290103.0,
    304337.0,
    293623.0,
    307582.0,
    287573.0,
    312521.0,
    284295.0,
    271678.0,
    297264.0,
    287331.0,
    314666.0,
    295383.0,
    286473.88,
    296560.0,
    333696.0,
    389581.06,
    321167.0,
    327932.0,
    388439.59,
    386529.0,
    391061.0,
    421476.0,
    413633.0,
    401597.68,
    403755.0,
    405647.0,
    396616.0,
    406021.0,
    404459.0,
    411257.0,
    408584.0,
    389196.5,
    420706.0,
    426426.0,
    450791.0,
    450439.0,
    449273.0,
    489225.0,
    506917.94999999995,
    485705.0,
    497365.0,
    456302.0,
    444785.0,
    428956.0,
    388344.0,
    376211.0,
    373450.0
  ],
  "val": [
    356279.0,
    592977.0,
    584674.09,
    591573.18,
    628258.18,
    615377.18,
    621990.27,
    586053.27,
    591333.27,
    592730.27,
    568860.27,
    771441.0,
    731511.0
  ]
}