{
  "dataset": "lag_2_smedebtsu",
  "model": "LSTM",
  "num_test_samples": 20,
  "mean_ground_truth": "623378.4369999999",
  "mean_predictions": "397141.8",
  "MAE": 226236.61200000002,
  "MSE": 54800848314.00896,
  "RMSE": 234095.81011630464,
  "R2_score": -10.732000494382861,
  "test": [
    740047.0,
    752180.0,
    687093.0,
    688523.0,
    682924.0,
    660605.0,
    630267.0,
    625141.0,
    580404.0,
    572913.0,
    545061.0,
    612755.0,
    671583.0,
    647661.85,
    630908.85,
    612766.0,
    565378.0,
    544192.0,
    519097.04,
    498069.0
  ],
  "prediction": [
    413264.875,
    411709.53125,
    413343.25,
    407995.15625,
    404325.5625,
    403890.9375,
    401503.125,
    397415.71875,
    395195.625,
    390785.84375,
    387537.0,
    384539.1875,
    389173.96875,
    398449.15625,
    399651.78125,
    396727.5625,
    394094.375,
    388685.15625,
    384031.65625,
    380517.03125
  ],
  "train": [
    265199.0,
    299453.0,
    290103.0,
    304337.0,
    293623.0,
    307582.0,
    287573.0,
    312521.0,
    284295.0,
    271678.0,
    297264.0,
    287331.0,
    314666.0,
    295383.0,
    286473.88,
    296560.0,
    333696.0,
    389581.06,
    321167.0,
    327932.0,
    388439.59,
    386529.0,
    391061.0,
    421476.0,
    413633.0,
    401597.68,
    403755.0,
    405647.0,
    396616.0,
    406021.0,
    404459.0,
    411257.0,
    408584.0,
    389196.5,
    420706.0,
    426426.0,
    450791.0,
    450439.0,
    449273.0,
    489225.0,
    506917.94999999995,
    485705.0,
    497365.0,
    456302.0,
    444785.0,
    428956.0,
    388344.0,
    376211.0,
    373450.0
  ],
  "val": [
    356279.0,
    592977.0,
    584674.09,
    591573.18,
    628258.18,
    615377.18,
    621990.27,
    586053.27,
    591333.27,
    592730.27,
    568860.27,
    771441.0,
    731511.0
  ]
}