{
  "MAE": 38485.542795446236,
  "MSE": 2032020623.9476237,
  "RMSE": 45077.9394376853,
  "R2_score": -2.6886568257381276
}