{
  "MAE": 81727.71419999978,
  "MSE": 12873926681.652979,
  "RMSE": 113463.3274747968,
  "R2_score": -13.822497268764618
}