{
  "MAE": 86272.5132499997,
  "MSE": 12483883806.53321,
  "RMSE": 111731.30182063222,
  "R2_score": -13.373418320738363
}