{
  "MAE": 82511.31569999972,
  "MSE": 11925253314.965698,
  "RMSE": 109202.80818259985,
  "R2_score": -12.730234687627526
}