{
  "MAE": 21329.79502499994,
  "MSE": 565895655.1324126,
  "RMSE": 23788.561434698244,
  "R2_score": -0.027250829228555373
}