{
  "MAE": 25222.40847499986,
  "MSE": 712743570.3584275,
  "RMSE": 26697.257731055965,
  "R2_score": -0.2938187756658037
}