{
  "MAE": 22969.117874999763,
  "MSE": 1286535138.991146,
  "RMSE": 35868.30270574768,
  "R2_score": -1.7396426952653155
}