{
  "MAE": 44391.734375,
  "MSE": 2442641740.866211,
  "RMSE": 49423.08914734297,
  "R2_score": -1.8123548803612652
}