{
  "MAE": 27169.392525000032,
  "MSE": 880533852.4942617,
  "RMSE": 29673.79066607874,
  "R2_score": -0.8750736484441508
}