{
  "MAE": 25939.898050000047,
  "MSE": 839986179.451607,
  "RMSE": 28982.515064286727,
  "R2_score": -0.7887284465956999
}