{
  "MAE": 27198.562600000034,
  "MSE": 886184453.4051704,
  "RMSE": 29768.85038769839,
  "R2_score": -0.887106454265195
}