{
  "MAE": 33183.83004996706,
  "MSE": 1164410089.385532,
  "RMSE": 34123.45365559489,
  "R2_score": -0.8051921617819104
}