{
  "MAE": 95925.8884375,
  "MSE": 15740884357.99834,
  "RMSE": 125462.6811366565,
  "R2_score": -23.403190355014072
}