{
  "MAE": 57346.786875000005,
  "MSE": 4855807300.760831,
  "RMSE": 69683.62290209107,
  "R2_score": -6.52798808457812
}