{
  "MAE": 70648.32252499936,
  "MSE": 5562999517.178642,
  "RMSE": 74585.5181464783,
  "R2_score": -5.405003476292284
}