{
  "MAE": 65940.80899999946,
  "MSE": 4929580557.540909,
  "RMSE": 70210.9717746515,
  "R2_score": -4.675711549176188
}