{
  "MAE": 59331.65788203967,
  "MSE": 4101334779.2188997,
  "RMSE": 64041.66440075476,
  "R2_score": -6.058012980933298
}