{
  "MAE": 114953.40625,
  "MSE": 13897717938.767578,
  "RMSE": 117888.58273288206,
  "R2_score": -15.001247426942292
}