{
  "MAE": 18892.5,
  "MSE": 510800622.7512523,
  "RMSE": 22600.898715565545,
  "R2_score": -0.08773647329587098
}