{
  "MAE": 78299.84375,
  "MSE": 10354527747.013672,
  "RMSE": 101757.19997628508,
  "R2_score": -10.921767386494947
}