{
  "MAE": 57106.390274999576,
  "MSE": 3943976916.5150394,
  "RMSE": 62801.090090181075,
  "R2_score": -3.5409290047012147
}