{
  "MAE": 52856.43027499941,
  "MSE": 3468676367.141733,
  "RMSE": 58895.46983547829,
  "R2_score": -2.993687959358895
}