{
  "MAE": 35101.70054741978,
  "MSE": 1755972797.3024807,
  "RMSE": 41904.32909977775,
  "R2_score": -2.0218647012978157
}