{
  "MAE": 74983.06075210903,
  "MSE": 6286034484.516819,
  "RMSE": 79284.51604516999,
  "R2_score": -8.745278131460298
}