{
  "MAE": 41368.96875,
  "MSE": 1762718179.3144531,
  "RMSE": 41984.737456776515,
  "R2_score": -2.033472871897077
}