{
  "MAE": 31197.796875,
  "MSE": 1629624554.1240234,
  "RMSE": 40368.60852350528,
  "R2_score": -1.9582011442788247
}