{
  "MAE": 27386.89894140989,
  "MSE": 1410718903.1408453,
  "RMSE": 37559.5381113885,
  "R2_score": -2.004088750419364
}