{
  "MAE": 37080.83799476703,
  "MSE": 1667986226.4060225,
  "RMSE": 40840.98708902642,
  "R2_score": -1.8704480545315936
}